"","min_year","iconic_taxon_name","n","cumsum","obsperyear","rate","obsneeded","year"
"1",1891,"Plantae",3,3,8,0.375,2.66666666666667,"2009-2014"
"2",1892,"Plantae",2,5,27,0.0740740740740741,13.5,"2009-2014"
"3",1893,"Plantae",8,13,30,0.266666666666667,3.75,"2009-2014"
"4",1894,"Plantae",3,16,12,0.25,4,"2009-2014"
"5",1895,"Plantae",1,17,5,0.2,5,"2009-2014"
"6",1897,"Plantae",1,18,5,0.2,5,"2009-2014"
"7",1899,"Plantae",1,19,4,0.25,4,"2009-2014"
"8",1900,"Insecta",1,20,2,0.5,2,"2009-2014"
"9",1900,"Plantae",3,23,37,0.0810810810810811,12.3333333333333,"2009-2014"
"10",1901,"Plantae",10,33,36,0.277777777777778,3.6,"2009-2014"
"11",1902,"Plantae",18,51,42,0.428571428571429,2.33333333333333,"2009-2014"
"12",1903,"Plantae",8,59,16,0.5,2,"2009-2014"
"13",1905,"Plantae",2,61,2,1,1,"2009-2014"
"14",1907,"Plantae",1,62,1,1,1,"2009-2014"
"15",1909,"Plantae",1,63,2,0.5,2,"2009-2014"
"16",1913,"Insecta",1,64,1,1,1,"2009-2014"
"17",1915,"Insecta",1,65,1,1,1,"2009-2014"
"18",1915,"Plantae",1,66,3,0.333333333333333,3,"2009-2014"
"19",1918,"Reptilia",1,67,1,1,1,"2009-2014"
"20",1919,"Insecta",1,68,3,0.333333333333333,3,"2009-2014"
"21",1921,"Animalia",1,69,1,1,1,"2009-2014"
"22",1922,"Plantae",1,70,1,1,1,"2009-2014"
"23",1924,"Insecta",1,71,2,0.5,2,"2009-2014"
"24",1925,"Insecta",3,74,4,0.75,1.33333333333333,"2009-2014"
"25",1927,"Insecta",2,76,2,1,1,"2009-2014"
"26",1930,"Insecta",1,77,4,0.25,4,"2009-2014"
"27",1932,"Insecta",1,78,1,1,1,"2009-2014"
"28",1933,"Insecta",1,79,3,0.333333333333333,3,"2009-2014"
"29",1933,"Mollusca",1,80,1,1,1,"2009-2014"
"30",1934,"Actinopterygii",1,81,1,1,1,"2009-2014"
"31",1934,"Animalia",1,82,1,1,1,"2009-2014"
"32",1935,"Animalia",1,83,1,1,1,"2009-2014"
"33",1935,"Chromista",1,84,1,1,1,"2009-2014"
"34",1936,"Plantae",1,85,3,0.333333333333333,3,"2009-2014"
"35",1937,"Insecta",1,86,6,0.166666666666667,6,"2009-2014"
"36",1938,"Insecta",2,88,3,0.666666666666667,1.5,"2009-2014"
"37",1939,"Insecta",2,90,2,1,1,"2009-2014"
"38",1939,"Plantae",4,94,49,0.0816326530612245,12.25,"2009-2014"
"39",1940,"Insecta",1,95,3,0.333333333333333,3,"2009-2014"
"40",1940,"Plantae",8,103,81,0.0987654320987654,10.125,"2009-2014"
"41",1941,"Plantae",3,106,40,0.075,13.3333333333333,"2009-2014"
"42",1942,"Insecta",5,111,4,1.25,0.8,"2009-2014"
"43",1942,"Plantae",3,114,18,0.166666666666667,6,"2009-2014"
"44",1943,"Insecta",1,115,2,0.5,2,"2009-2014"
"45",1944,"Insecta",2,117,9,0.222222222222222,4.5,"2009-2014"
"46",1945,"Plantae",1,118,1,1,1,"2009-2014"
"47",1946,"Insecta",4,122,5,0.8,1.25,"2009-2014"
"48",1946,"Plantae",1,123,1,1,1,"2009-2014"
"49",1947,"Insecta",1,124,1,1,1,"2009-2014"
"50",1947,"Plantae",1,125,1,1,1,"2009-2014"
"51",1948,"Insecta",2,127,6,0.333333333333333,3,"2009-2014"
"52",1949,"Insecta",22,149,28,0.785714285714286,1.27272727272727,"2009-2014"
"53",1950,"Insecta",2,151,2,1,1,"2009-2014"
"54",1950,"Plantae",2,153,14,0.142857142857143,7,"2009-2014"
"55",1952,"Plantae",8,161,29,0.275862068965517,3.625,"2009-2014"
"56",1953,"Animalia",1,162,2,0.5,2,"2009-2014"
"57",1953,"Insecta",1,163,1,1,1,"2009-2014"
"58",1953,"Plantae",4,167,8,0.5,2,"2009-2014"
"59",1954,"Insecta",1,168,1,1,1,"2009-2014"
"60",1954,"Mollusca",1,169,1,1,1,"2009-2014"
"61",1954,"Plantae",1,170,7,0.142857142857143,7,"2009-2014"
"62",1955,"Animalia",1,171,2,0.5,2,"2009-2014"
"63",1955,"Insecta",1,172,2,0.5,2,"2009-2014"
"64",1957,"Plantae",1,173,6,0.166666666666667,6,"2009-2014"
"65",1958,"Fungi",2,175,14,0.142857142857143,7,"2009-2014"
"66",1958,"Insecta",1,176,3,0.333333333333333,3,"2009-2014"
"67",1958,"Mollusca",1,177,1,1,1,"2009-2014"
"68",1958,"Plantae",4,181,4,1,1,"2009-2014"
"69",1959,"Fungi",1,182,2,0.5,2,"2009-2014"
"70",1959,"Insecta",3,185,6,0.5,2,"2009-2014"
"71",1959,"Plantae",4,189,9,0.444444444444444,2.25,"2009-2014"
"72",1960,"Animalia",1,190,1,1,1,"2009-2014"
"73",1960,"Insecta",7,197,70,0.1,10,"2009-2014"
"74",1960,"Plantae",1,198,3,0.333333333333333,3,"2009-2014"
"75",1961,"Animalia",1,199,1,1,1,"2009-2014"
"76",1961,"Insecta",4,203,22,0.181818181818182,5.5,"2009-2014"
"77",1962,"Animalia",2,205,3,0.666666666666667,1.5,"2009-2014"
"78",1962,"Fungi",1,206,1,1,1,"2009-2014"
"79",1962,"Insecta",2,208,13,0.153846153846154,6.5,"2009-2014"
"80",1962,"Plantae",1,209,3,0.333333333333333,3,"2009-2014"
"81",1963,"Animalia",1,210,1,1,1,"2009-2014"
"82",1963,"Insecta",2,212,4,0.5,2,"2009-2014"
"83",1963,"Mollusca",1,213,1,1,1,"2009-2014"
"84",1963,"Plantae",1,214,5,0.2,5,"2009-2014"
"85",1964,"Insecta",4,218,33,0.121212121212121,8.25,"2009-2014"
"86",1964,"Mollusca",1,219,1,1,1,"2009-2014"
"87",1964,"Plantae",3,222,7,0.428571428571429,2.33333333333333,"2009-2014"
"88",1965,"Animalia",1,223,2,0.5,2,"2009-2014"
"89",1965,"Aves",1,224,1,1,1,"2009-2014"
"90",1965,"Insecta",3,227,26,0.115384615384615,8.66666666666667,"2009-2014"
"91",1965,"Plantae",1,228,4,0.25,4,"2009-2014"
"92",1966,"Insecta",2,230,5,0.4,2.5,"2009-2014"
"93",1966,"Mollusca",1,231,1,1,1,"2009-2014"
"94",1967,"Actinopterygii",1,232,2,0.5,2,"2009-2014"
"95",1967,"Animalia",2,234,4,0.5,2,"2009-2014"
"96",1967,"Insecta",6,240,27,0.222222222222222,4.5,"2009-2014"
"97",1967,"Mollusca",5,245,6,0.833333333333333,1.2,"2009-2014"
"98",1968,"Fungi",1,246,11,0.0909090909090909,11,"2009-2014"
"99",1968,"Insecta",5,251,32,0.15625,6.4,"2009-2014"
"100",1968,"Mollusca",1,252,1,1,1,"2009-2014"
"101",1968,"Plantae",5,257,30,0.166666666666667,6,"2009-2014"
"102",1969,"Actinopterygii",2,259,10,0.2,5,"2009-2014"
"103",1969,"Animalia",1,260,12,0.0833333333333333,12,"2009-2014"
"104",1969,"Fungi",3,263,116,0.0258620689655172,38.6666666666667,"2009-2014"
"105",1969,"Insecta",15,278,178,0.0842696629213483,11.8666666666667,"2009-2014"
"106",1969,"Mollusca",1,279,5,0.2,5,"2009-2014"
"107",1969,"Plantae",9,288,101,0.0891089108910891,11.2222222222222,"2009-2014"
"108",1970,"Insecta",5,293,54,0.0925925925925926,10.8,"2009-2014"
"109",1970,"Plantae",4,297,36,0.111111111111111,9,"2009-2014"
"110",1971,"Aves",1,298,6,0.166666666666667,6,"2009-2014"
"111",1971,"Fungi",1,299,1,1,1,"2009-2014"
"112",1971,"Insecta",11,310,43,0.255813953488372,3.90909090909091,"2009-2014"
"113",1971,"Mammalia",1,311,10,0.1,10,"2009-2014"
"114",1971,"Plantae",24,335,80,0.3,3.33333333333333,"2009-2014"
"115",1971,"Protozoa",1,336,2,0.5,2,"2009-2014"
"116",1972,"Animalia",2,338,2,1,1,"2009-2014"
"117",1972,"Aves",3,341,17,0.176470588235294,5.66666666666667,"2009-2014"
"118",1972,"Insecta",4,345,18,0.222222222222222,4.5,"2009-2014"
"119",1972,"Plantae",2,347,21,0.0952380952380952,10.5,"2009-2014"
"120",1973,"Actinopterygii",1,348,5,0.2,5,"2009-2014"
"121",1973,"Animalia",1,349,1,1,1,"2009-2014"
"122",1973,"Aves",1,350,7,0.142857142857143,7,"2009-2014"
"123",1973,"Insecta",4,354,63,0.0634920634920635,15.75,"2009-2014"
"124",1973,"Mammalia",1,355,13,0.0769230769230769,13,"2009-2014"
"125",1973,"Mollusca",1,356,1,1,1,"2009-2014"
"126",1973,"Plantae",16,372,95,0.168421052631579,5.9375,"2009-2014"
"127",1974,"Actinopterygii",1,373,3,0.333333333333333,3,"2009-2014"
"128",1974,"Animalia",2,375,3,0.666666666666667,1.5,"2009-2014"
"129",1974,"Insecta",12,387,92,0.130434782608696,7.66666666666667,"2009-2014"
"130",1974,"Mollusca",1,388,1,1,1,"2009-2014"
"131",1974,"Plantae",2,390,53,0.0377358490566038,26.5,"2009-2014"
"132",1975,"Animalia",6,396,9,0.666666666666667,1.5,"2009-2014"
"133",1975,"Aves",4,400,22,0.181818181818182,5.5,"2009-2014"
"134",1975,"Fungi",1,401,3,0.333333333333333,3,"2009-2014"
"135",1975,"Insecta",10,411,154,0.0649350649350649,15.4,"2009-2014"
"136",1975,"Plantae",18,429,259,0.0694980694980695,14.3888888888889,"2009-2014"
"137",1976,"Actinopterygii",1,430,1,1,1,"2009-2014"
"138",1976,"Animalia",12,442,16,0.75,1.33333333333333,"2009-2014"
"139",1976,"Aves",5,447,239,0.0209205020920502,47.8,"2009-2014"
"140",1976,"Fungi",1,448,14,0.0714285714285714,14,"2009-2014"
"141",1976,"Insecta",8,456,88,0.0909090909090909,11,"2009-2014"
"142",1976,"Mammalia",1,457,13,0.0769230769230769,13,"2009-2014"
"143",1976,"Mollusca",4,461,4,1,1,"2009-2014"
"144",1976,"Plantae",3,464,190,0.0157894736842105,63.3333333333333,"2009-2014"
"145",1977,"Actinopterygii",4,468,8,0.5,2,"2009-2014"
"146",1977,"Amphibia",1,469,12,0.0833333333333333,12,"2009-2014"
"147",1977,"Animalia",10,479,16,0.625,1.6,"2009-2014"
"148",1977,"Aves",7,486,1876,0.00373134328358209,268,"2009-2014"
"149",1977,"Insecta",25,511,196,0.127551020408163,7.84,"2009-2014"
"150",1977,"Mammalia",1,512,23,0.0434782608695652,23,"2009-2014"
"151",1977,"Mollusca",2,514,2,1,1,"2009-2014"
"152",1977,"Plantae",12,526,163,0.0736196319018405,13.5833333333333,"2009-2014"
"153",1978,"Actinopterygii",6,532,26,0.230769230769231,4.33333333333333,"2009-2014"
"154",1978,"Animalia",24,556,47,0.51063829787234,1.95833333333333,"2009-2014"
"155",1978,"Aves",2,558,4585,0.000436205016357688,2292.5,"2009-2014"
"156",1978,"Fungi",14,572,42,0.333333333333333,3,"2009-2014"
"157",1978,"Insecta",56,628,369,0.151761517615176,6.58928571428571,"2009-2014"
"158",1978,"Mammalia",2,630,16,0.125,8,"2009-2014"
"159",1978,"Mollusca",10,640,13,0.769230769230769,1.3,"2009-2014"
"160",1978,"Plantae",30,670,212,0.141509433962264,7.06666666666667,"2009-2014"
"161",1979,"Actinopterygii",1,671,2,0.5,2,"2009-2014"
"162",1979,"Animalia",4,675,15,0.266666666666667,3.75,"2009-2014"
"163",1979,"Aves",2,677,2346,0.000852514919011083,1173,"2009-2014"
"164",1979,"Fungi",3,680,13,0.230769230769231,4.33333333333333,"2009-2014"
"165",1979,"Insecta",34,714,218,0.155963302752294,6.41176470588235,"2009-2014"
"166",1979,"Mollusca",3,717,8,0.375,2.66666666666667,"2009-2014"
"167",1979,"Plantae",74,791,359,0.206128133704735,4.85135135135135,"2009-2014"
"168",1980,"Animalia",11,802,23,0.478260869565217,2.09090909090909,"2009-2014"
"169",1980,"Aves",8,810,2160,0.0037037037037037,270,"2009-2014"
"170",1980,"Chromista",1,811,3,0.333333333333333,3,"2009-2014"
"171",1980,"Fungi",8,819,39,0.205128205128205,4.875,"2009-2014"
"172",1980,"Insecta",59,878,511,0.11545988258317,8.66101694915254,"2009-2014"
"173",1980,"Mammalia",1,879,36,0.0277777777777778,36,"2009-2014"
"174",1980,"Mollusca",1,880,3,0.333333333333333,3,"2009-2014"
"175",1980,"Plantae",26,906,398,0.0653266331658292,15.3076923076923,"2009-2014"
"176",1981,"Actinopterygii",6,913,8,0.75,1.33333333333333,"2009-2014"
"177",1981,"Amphibia",1,914,29,0.0344827586206897,29,"2009-2014"
"178",1981,"Animalia",5,919,8,0.625,1.6,"2009-2014"
"179",1981,"Arachnida",1,920,4,0.25,4,"2009-2014"
"180",1981,"Aves",7,927,1970,0.00355329949238579,281.428571428571,"2009-2014"
"181",1981,"Insecta",12,939,134,0.0895522388059701,11.1666666666667,"2009-2014"
"182",1981,"Mammalia",3,942,43,0.0697674418604651,14.3333333333333,"2009-2014"
"183",1981,"Plantae",187,1129,1556,0.120179948586118,8.32085561497326,"2009-2014"
"184",1982,"Actinopterygii",2,1131,6,0.333333333333333,3,"2009-2014"
"185",1982,"Animalia",2,1133,12,0.166666666666667,6,"2009-2014"
"186",1982,"Aves",10,1143,2123,0.00471031559114461,212.3,"2009-2014"
"187",1982,"Fungi",1,1144,9,0.111111111111111,9,"2009-2014"
"188",1982,"Insecta",20,1164,141,0.141843971631206,7.05,"2009-2014"
"189",1982,"Mollusca",9,1173,14,0.642857142857143,1.55555555555556,"2009-2014"
"190",1982,"Plantae",125,1298,2014,0.0620655412115194,16.112,"2009-2014"
"191",1982,"Reptilia",3,1301,107,0.0280373831775701,35.6666666666667,"2009-2014"
"192",1983,"Actinopterygii",2,1303,13,0.153846153846154,6.5,"2009-2014"
"193",1983,"Animalia",6,1309,9,0.666666666666667,1.5,"2009-2014"
"194",1983,"Aves",3,1312,318,0.00943396226415094,106,"2009-2014"
"195",1983,"Insecta",21,1333,220,0.0954545454545455,10.4761904761905,"2009-2014"
"196",1983,"Mammalia",1,1334,30,0.0333333333333333,30,"2009-2014"
"197",1983,"Mollusca",2,1336,2,1,1,"2009-2014"
"198",1983,"Plantae",72,1408,1545,0.0466019417475728,21.4583333333333,"2009-2014"
"199",1984,"Animalia",7,1415,12,0.583333333333333,1.71428571428571,"2009-2014"
"200",1984,"Aves",8,1423,227,0.0352422907488987,28.375,"2009-2014"
"201",1984,"Fungi",1,1424,13,0.0769230769230769,13,"2009-2014"
"202",1984,"Insecta",18,1442,125,0.144,6.94444444444444,"2009-2014"
"203",1984,"Mammalia",2,1444,45,0.0444444444444444,22.5,"2009-2014"
"204",1984,"Mollusca",1,1445,2,0.5,2,"2009-2014"
"205",1984,"Plantae",80,1525,2685,0.0297951582867784,33.5625,"2009-2014"
"206",1985,"Actinopterygii",4,1529,14,0.285714285714286,3.5,"2009-2014"
"207",1985,"Animalia",9,1538,20,0.45,2.22222222222222,"2009-2014"
"208",1985,"Aves",6,1544,206,0.029126213592233,34.3333333333333,"2009-2014"
"209",1985,"Fungi",8,1552,18,0.444444444444444,2.25,"2009-2014"
"210",1985,"Insecta",20,1572,258,0.0775193798449612,12.9,"2009-2014"
"211",1985,"Mammalia",2,1574,38,0.0526315789473684,19,"2009-2014"
"212",1985,"Mollusca",3,1577,8,0.375,2.66666666666667,"2009-2014"
"213",1985,"Plantae",63,1640,1630,0.0386503067484663,25.8730158730159,"2009-2014"
"214",1986,"Actinopterygii",1,1642,10,0.1,10,"2009-2014"
"215",1986,"Animalia",1,1643,10,0.1,10,"2009-2014"
"216",1986,"Aves",4,1647,69,0.0579710144927536,17.25,"2009-2014"
"217",1986,"Chromista",1,1648,2,0.5,2,"2009-2014"
"218",1986,"Fungi",1,1649,3,0.333333333333333,3,"2009-2014"
"219",1986,"Insecta",24,1673,249,0.0963855421686747,10.375,"2009-2014"
"220",1986,"Plantae",58,1731,1687,0.034380557202134,29.0862068965517,"2009-2014"
"221",1987,"Actinopterygii",4,1735,30,0.133333333333333,7.5,"2009-2014"
"222",1987,"Aves",6,1741,171,0.0350877192982456,28.5,"2009-2014"
"223",1987,"Chromista",1,1742,4,0.25,4,"2009-2014"
"224",1987,"Fungi",1,1743,3,0.333333333333333,3,"2009-2014"
"225",1987,"Insecta",19,1762,380,0.05,20,"2009-2014"
"226",1987,"Plantae",49,1811,1901,0.0257759074171489,38.7959183673469,"2009-2014"
"227",1988,"Actinopterygii",1,1812,22,0.0454545454545455,22,"2009-2014"
"228",1988,"Animalia",5,1817,5,1,1,"2009-2014"
"229",1988,"Aves",2,1819,271,0.00738007380073801,135.5,"2009-2014"
"230",1988,"Fungi",1,1820,7,0.142857142857143,7,"2009-2014"
"231",1988,"Insecta",17,1837,260,0.0653846153846154,15.2941176470588,"2009-2014"
"232",1988,"Mammalia",1,1838,69,0.0144927536231884,69,"2009-2014"
"233",1988,"Mollusca",3,1841,4,0.75,1.33333333333333,"2009-2014"
"234",1988,"Plantae",101,1942,1648,0.0612864077669903,16.3168316831683,"2009-2014"
"235",1989,"Amphibia",1,1943,991,0.00100908173562059,991,"2009-2014"
"236",1989,"Animalia",1,1944,4,0.25,4,"2009-2014"
"237",1989,"Arachnida",4,1948,7,0.571428571428571,1.75,"2009-2014"
"238",1989,"Aves",1,1949,235,0.00425531914893617,235,"2009-2014"
"239",1989,"Fungi",5,1954,10,0.5,2,"2009-2014"
"240",1989,"Insecta",12,1966,923,0.0130010834236186,76.9166666666667,"2009-2014"
"241",1989,"Mammalia",1,1967,84,0.0119047619047619,84,"2009-2014"
"242",1989,"Mollusca",2,1969,3,0.666666666666667,1.5,"2009-2014"
"243",1989,"Plantae",73,2042,3855,0.0189364461738003,52.8082191780822,"2009-2014"
"244",1990,"Actinopterygii",2,2044,28,0.0714285714285714,14,"2009-2014"
"245",1990,"Animalia",5,2049,9,0.555555555555556,1.8,"2009-2014"
"246",1990,"Aves",5,2054,573,0.0087260034904014,114.6,"2009-2014"
"247",1990,"Fungi",2,2056,12,0.166666666666667,6,"2009-2014"
"248",1990,"Insecta",11,2067,251,0.0438247011952191,22.8181818181818,"2009-2014"
"249",1990,"Mammalia",3,2070,72,0.0416666666666667,24,"2009-2014"
"250",1990,"Mollusca",5,2075,8,0.625,1.6,"2009-2014"
"251",1990,"Plantae",56,2131,4907,0.0114122681883024,87.625,"2009-2014"
"252",1991,"Animalia",3,2134,4,0.75,1.33333333333333,"2009-2014"
"253",1991,"Aves",7,2141,262,0.0267175572519084,37.4285714285714,"2009-2014"
"254",1991,"Fungi",1,2142,17,0.0588235294117647,17,"2009-2014"
"255",1991,"Insecta",22,2164,465,0.0473118279569892,21.1363636363636,"2009-2014"
"256",1991,"Mammalia",1,2165,61,0.0163934426229508,61,"2009-2014"
"257",1991,"Mollusca",28,2193,263,0.106463878326996,9.39285714285714,"2009-2014"
"258",1991,"Plantae",53,2246,3702,0.0143165856293895,69.8490566037736,"2009-2014"
"259",1991,"Reptilia",1,2247,131,0.00763358778625954,131,"2009-2014"
"260",1992,"Actinopterygii",6,2253,20,0.3,3.33333333333333,"2009-2014"
"261",1992,"Animalia",7,2260,21,0.333333333333333,3,"2009-2014"
"262",1992,"Aves",6,2266,112,0.0535714285714286,18.6666666666667,"2009-2014"
"263",1992,"Insecta",26,2292,355,0.0732394366197183,13.6538461538462,"2009-2014"
"264",1992,"Mammalia",1,2293,82,0.0121951219512195,82,"2009-2014"
"265",1992,"Mollusca",21,2314,194,0.108247422680412,9.23809523809524,"2009-2014"
"266",1992,"Plantae",50,2364,1854,0.0269687162891046,37.08,"2009-2014"
"267",1993,"Actinopterygii",2,2366,7,0.285714285714286,3.5,"2009-2014"
"268",1993,"Aves",10,2376,766,0.0130548302872063,76.6,"2009-2014"
"269",1993,"Chromista",1,2377,14,0.0714285714285714,14,"2009-2014"
"270",1993,"Fungi",2,2379,28,0.0714285714285714,14,"2009-2014"
"271",1993,"Insecta",26,2405,512,0.05078125,19.6923076923077,"2009-2014"
"272",1993,"Mollusca",16,2421,134,0.119402985074627,8.375,"2009-2014"
"273",1993,"Plantae",62,2483,3938,0.015744032503809,63.5161290322581,"2009-2014"
"274",1994,"Actinopterygii",1,2485,12,0.0833333333333333,12,"2009-2014"
"275",1994,"Animalia",11,2496,21,0.523809523809524,1.90909090909091,"2009-2014"
"276",1994,"Arachnida",4,2500,4,1,1,"2009-2014"
"277",1994,"Aves",7,2507,1110,0.00630630630630631,158.571428571429,"2009-2014"
"278",1994,"Fungi",7,2514,27,0.259259259259259,3.85714285714286,"2009-2014"
"279",1994,"Insecta",24,2538,160,0.15,6.66666666666667,"2009-2014"
"280",1994,"Mammalia",1,2539,283,0.00353356890459364,283,"2009-2014"
"281",1994,"Mollusca",22,2561,210,0.104761904761905,9.54545454545454,"2009-2014"
"282",1994,"Plantae",63,2624,6473,0.00973273598022555,102.746031746032,"2009-2014"
"283",1995,"Actinopterygii",2,2626,19,0.105263157894737,9.5,"2009-2014"
"284",1995,"Animalia",6,2632,18,0.333333333333333,3,"2009-2014"
"285",1995,"Arachnida",6,2638,8,0.75,1.33333333333333,"2009-2014"
"286",1995,"Aves",9,2647,250,0.036,27.7777777777778,"2009-2014"
"287",1995,"Insecta",27,2674,504,0.0535714285714286,18.6666666666667,"2009-2014"
"288",1995,"Mollusca",19,2693,345,0.0550724637681159,18.1578947368421,"2009-2014"
"289",1995,"Plantae",60,2753,5698,0.0105300105300105,94.9666666666667,"2009-2014"
"290",1995,"Protozoa",1,2754,1,1,1,"2009-2014"
"291",1995,"Reptilia",1,2755,122,0.00819672131147541,122,"2009-2014"
"292",1996,"Actinopterygii",2,2757,19,0.105263157894737,9.5,"2009-2014"
"293",1996,"Animalia",12,2769,33,0.363636363636364,2.75,"2009-2014"
"294",1996,"Arachnida",2,2771,10,0.2,5,"2009-2014"
"295",1996,"Aves",5,2776,230,0.0217391304347826,46,"2009-2014"
"296",1996,"Fungi",3,2779,12,0.25,4,"2009-2014"
"297",1996,"Insecta",96,2875,617,0.155591572123177,6.42708333333333,"2009-2014"
"298",1996,"Mammalia",2,2877,213,0.00938967136150235,106.5,"2009-2014"
"299",1996,"Mollusca",24,2901,401,0.0598503740648379,16.7083333333333,"2009-2014"
"300",1996,"Plantae",111,3012,3654,0.0303776683087028,32.9189189189189,"2009-2014"
"301",1997,"Actinopterygii",8,3020,58,0.137931034482759,7.25,"2009-2014"
"302",1997,"Amphibia",1,3021,915,0.00109289617486339,915,"2009-2014"
"303",1997,"Animalia",2,3023,14,0.142857142857143,7,"2009-2014"
"304",1997,"Arachnida",2,3025,4,0.5,2,"2009-2014"
"305",1997,"Aves",6,3031,1073,0.00559179869524697,178.833333333333,"2009-2014"
"306",1997,"Fungi",9,3040,42,0.214285714285714,4.66666666666667,"2009-2014"
"307",1997,"Insecta",62,3102,725,0.0855172413793103,11.6935483870968,"2009-2014"
"308",1997,"Mammalia",2,3104,343,0.00583090379008746,171.5,"2009-2014"
"309",1997,"Mollusca",11,3115,296,0.0371621621621622,26.9090909090909,"2009-2014"
"310",1997,"Plantae",60,3175,3963,0.0151400454201363,66.05,"2009-2014"
"311",1998,"Actinopterygii",28,3203,715,0.0391608391608392,25.5357142857143,"2009-2014"
"312",1998,"Animalia",4,3207,20,0.2,5,"2009-2014"
"313",1998,"Aves",3,3210,787,0.00381194409148666,262.333333333333,"2009-2014"
"314",1998,"Chromista",1,3211,7,0.142857142857143,7,"2009-2014"
"315",1998,"Fungi",12,3223,38,0.315789473684211,3.16666666666667,"2009-2014"
"316",1998,"Insecta",48,3271,755,0.0635761589403974,15.7291666666667,"2009-2014"
"317",1998,"Mammalia",8,3279,223,0.0358744394618834,27.875,"2009-2014"
"318",1998,"Mollusca",5,3284,47,0.106382978723404,9.4,"2009-2014"
"319",1998,"Plantae",99,3383,6188,0.0159987071751778,62.5050505050505,"2009-2014"
"320",1998,"Protozoa",2,3385,2,1,1,"2009-2014"
"321",1999,"Actinopterygii",3,3389,44,0.0681818181818182,14.6666666666667,"2009-2014"
"322",1999,"Animalia",5,3394,31,0.161290322580645,6.2,"2009-2014"
"323",1999,"Arachnida",2,3396,3,0.666666666666667,1.5,"2009-2014"
"324",1999,"Aves",6,3402,954,0.00628930817610063,159,"2009-2014"
"325",1999,"Insecta",46,3448,4490,0.0102449888641425,97.6086956521739,"2009-2014"
"326",1999,"Mollusca",6,3454,228,0.0263157894736842,38,"2009-2014"
"327",1999,"Plantae",25,3479,7574,0.00330076577766042,302.96,"2009-2014"
"328",1999,"Protozoa",1,3480,1,1,1,"2009-2014"
"329",2000,"Actinopterygii",4,3484,45,0.0888888888888889,11.25,"2009-2014"
"330",2000,"Animalia",10,3494,66,0.151515151515152,6.6,"2009-2014"
"331",2000,"Arachnida",2,3496,34,0.0588235294117647,17,"2009-2014"
"332",2000,"Aves",4,3500,1317,0.00303720577069096,329.25,"2009-2014"
"333",2000,"Chromista",6,3506,17,0.352941176470588,2.83333333333333,"2009-2014"
"334",2000,"Fungi",22,3528,100,0.22,4.54545454545455,"2009-2014"
"335",2000,"Insecta",116,3644,4392,0.0264116575591985,37.8620689655172,"2009-2014"
"336",2000,"Mammalia",3,3647,262,0.0114503816793893,87.3333333333333,"2009-2014"
"337",2000,"Mollusca",6,3653,80,0.075,13.3333333333333,"2009-2014"
"338",2000,"Plantae",44,3697,8243,0.0053378624287274,187.340909090909,"2009-2014"
"339",2000,"Protozoa",1,3698,5,0.2,5,"2009-2014"
"340",2001,"Actinopterygii",1,3699,507,0.0019723865877712,507,"2009-2014"
"341",2001,"Amphibia",1,3700,300,0.00333333333333333,300,"2009-2014"
"342",2001,"Animalia",7,3707,39,0.179487179487179,5.57142857142857,"2009-2014"
"343",2001,"Arachnida",5,3712,31,0.161290322580645,6.2,"2009-2014"
"344",2001,"Aves",5,3717,1260,0.00396825396825397,252,"2009-2014"
"345",2001,"Fungi",9,3726,43,0.209302325581395,4.77777777777778,"2009-2014"
"346",2001,"Insecta",121,3847,4758,0.0254308532997058,39.3223140495868,"2009-2014"
"347",2001,"Mammalia",1,3848,233,0.00429184549356223,233,"2009-2014"
"348",2001,"Mollusca",2,3850,53,0.0377358490566038,26.5,"2009-2014"
"349",2001,"Plantae",42,3892,10328,0.00406661502711077,245.904761904762,"2009-2014"
"350",2001,"Protozoa",1,3893,6,0.166666666666667,6,"2009-2014"
"351",2002,"Actinopterygii",4,3897,40,0.1,10,"2009-2014"
"352",2002,"Animalia",11,3908,79,0.139240506329114,7.18181818181818,"2009-2014"
"353",2002,"Aves",3,3911,1456,0.00206043956043956,485.333333333333,"2009-2014"
"354",2002,"Fungi",16,3927,209,0.076555023923445,13.0625,"2009-2014"
"355",2002,"Insecta",96,4023,3245,0.0295839753466872,33.8020833333333,"2009-2014"
"356",2002,"Mammalia",2,4025,388,0.00515463917525773,194,"2009-2014"
"357",2002,"Mollusca",9,4034,128,0.0703125,14.2222222222222,"2009-2014"
"358",2002,"Plantae",37,4071,10004,0.00369852059176329,270.378378378378,"2009-2014"
"359",2002,"Reptilia",1,4072,239,0.00418410041841004,239,"2009-2014"
"360",2003,"Actinopterygii",3,4075,55,0.0545454545454545,18.3333333333333,"2009-2014"
"361",2003,"Animalia",6,4081,58,0.103448275862069,9.66666666666667,"2009-2014"
"362",2003,"Arachnida",5,4086,64,0.078125,12.8,"2009-2014"
"363",2003,"Aves",2,4088,1207,0.00165700082850041,603.5,"2009-2014"
"364",2003,"Fungi",40,4128,245,0.163265306122449,6.125,"2009-2014"
"365",2003,"Insecta",152,4280,2694,0.0564216778025241,17.7236842105263,"2009-2014"
"366",2003,"Mollusca",9,4289,89,0.101123595505618,9.88888888888889,"2009-2014"
"367",2003,"Plantae",50,4339,8090,0.00618046971569839,161.8,"2009-2014"
"368",2003,"Protozoa",1,4340,8,0.125,8,"2009-2014"
"369",2004,"Actinopterygii",8,4348,85,0.0941176470588235,10.625,"2009-2014"
"370",2004,"Amphibia",2,4350,552,0.0036231884057971,276,"2009-2014"
"371",2004,"Animalia",23,4373,137,0.167883211678832,5.95652173913043,"2009-2014"
"372",2004,"Arachnida",8,4381,66,0.121212121212121,8.25,"2009-2014"
"373",2004,"Aves",1,4382,2268,0.000440917107583774,2268,"2009-2014"
"374",2004,"Chromista",7,4389,23,0.304347826086957,3.28571428571429,"2009-2014"
"375",2004,"Fungi",140,4529,488,0.286885245901639,3.48571428571429,"2009-2014"
"376",2004,"Insecta",279,4808,3613,0.0772211458621644,12.9498207885305,"2009-2014"
"377",2004,"Mammalia",2,4810,607,0.00329489291598023,303.5,"2009-2014"
"378",2004,"Mollusca",8,4818,129,0.062015503875969,16.125,"2009-2014"
"379",2004,"Plantae",37,4855,4668,0.00792630676949443,126.162162162162,"2009-2014"
"380",2004,"Protozoa",3,4858,6,0.5,2,"2009-2014"
"381",2004,"Reptilia",1,4859,412,0.00242718446601942,412,"2009-2014"
"382",2005,"Actinopterygii",8,4867,100,0.08,12.5,"2009-2014"
"383",2005,"Animalia",10,4877,108,0.0925925925925926,10.8,"2009-2014"
"384",2005,"Arachnida",4,4881,72,0.0555555555555556,18,"2009-2014"
"385",2005,"Aves",2,4883,4259,0.000469593801361822,2129.5,"2009-2014"
"386",2005,"Chromista",13,4896,34,0.382352941176471,2.61538461538462,"2009-2014"
"387",2005,"Fungi",41,4937,306,0.133986928104575,7.46341463414634,"2009-2014"
"388",2005,"Insecta",191,5128,4768,0.0400587248322148,24.9633507853403,"2009-2014"
"389",2005,"Mammalia",2,5130,799,0.00250312891113892,399.5,"2009-2014"
"390",2005,"Mollusca",12,5142,179,0.0670391061452514,14.9166666666667,"2009-2014"
"391",2005,"Plantae",72,5214,6512,0.0110565110565111,90.4444444444444,"2009-2014"
"392",2006,"Actinopterygii",13,5227,239,0.0543933054393305,18.3846153846154,"2009-2014"
"393",2006,"Animalia",26,5253,237,0.109704641350211,9.11538461538461,"2009-2014"
"394",2006,"Arachnida",3,5256,94,0.0319148936170213,31.3333333333333,"2009-2014"
"395",2006,"Aves",6,5262,2732,0.00219619326500732,455.333333333333,"2009-2014"
"396",2006,"Chromista",22,5284,66,0.333333333333333,3,"2009-2014"
"397",2006,"Fungi",73,5357,506,0.144268774703557,6.93150684931507,"2009-2014"
"398",2006,"Insecta",413,5770,5862,0.0704537700443535,14.1937046004843,"2009-2014"
"399",2006,"Mollusca",17,5787,488,0.0348360655737705,28.7058823529412,"2009-2014"
"400",2006,"Plantae",124,5911,11725,0.0105756929637527,94.5564516129032,"2009-2014"
"401",2006,"Protozoa",2,5913,11,0.181818181818182,5.5,"2009-2014"
"402",2007,"Actinopterygii",7,5920,195,0.0358974358974359,27.8571428571429,"2009-2014"
"403",2007,"Animalia",24,5944,274,0.0875912408759124,11.4166666666667,"2009-2014"
"404",2007,"Arachnida",10,5954,134,0.0746268656716418,13.4,"2009-2014"
"405",2007,"Aves",2,5956,3597,0.000556018904642758,1798.5,"2009-2014"
"406",2007,"Chromista",6,5962,29,0.206896551724138,4.83333333333333,"2009-2014"
"407",2007,"Fungi",50,6012,541,0.0924214417744917,10.82,"2009-2014"
"408",2007,"Insecta",424,6436,6822,0.0621518616241571,16.0896226415094,"2009-2014"
"409",2007,"Mammalia",4,6440,1225,0.00326530612244898,306.25,"2009-2014"
"410",2007,"Mollusca",18,6458,266,0.0676691729323308,14.7777777777778,"2009-2014"
"411",2007,"Plantae",84,6542,11362,0.00739306460130259,135.261904761905,"2009-2014"
"412",2007,"Protozoa",1,6543,12,0.0833333333333333,12,"2009-2014"
"413",2007,"Reptilia",1,6544,602,0.00166112956810631,602,"2009-2014"
"414",2008,"Actinopterygii",17,6562,351,0.0484330484330484,20.6470588235294,"2009-2014"
"415",2008,"Amphibia",1,6563,901,0.00110987791342952,901,"2009-2014"
"416",2008,"Animalia",34,6597,704,0.0482954545454545,20.7058823529412,"2009-2014"
"417",2008,"Arachnida",14,6611,253,0.0553359683794466,18.0714285714286,"2009-2014"
"418",2008,"Aves",7,6618,4453,0.00157197395014597,636.142857142857,"2009-2014"
"419",2008,"Chromista",10,6628,77,0.12987012987013,7.7,"2009-2014"
"420",2008,"Fungi",114,6742,992,0.11491935483871,8.70175438596491,"2009-2014"
"421",2008,"Insecta",507,7249,8017,0.0632406136958962,15.8126232741617,"2009-2014"
"422",2008,"Mammalia",3,7252,1371,0.00218818380743982,457,"2009-2014"
"423",2008,"Mollusca",25,7277,360,0.0694444444444444,14.4,"2009-2014"
"424",2008,"Plantae",84,7361,10898,0.00770783630023858,129.738095238095,"2009-2014"
"425",2008,"Protozoa",1,7362,23,0.0434782608695652,23,"2009-2014"
"426",2009,"Actinopterygii",9,7373,404,0.0222772277227723,44.8888888888889,"2009-2014"
"427",2009,"Animalia",46,7419,626,0.073482428115016,13.6086956521739,"2009-2014"
"428",2009,"Arachnida",10,7429,305,0.0327868852459016,30.5,"2009-2014"
"429",2009,"Aves",6,7435,6200,0.000967741935483871,1033.33333333333,"2009-2014"
"430",2009,"Chromista",4,7439,46,0.0869565217391304,11.5,"2009-2014"
"431",2009,"Fungi",114,7553,1383,0.0824295010845987,12.1315789473684,"2009-2014"
"432",2009,"Insecta",445,7998,8062,0.0551972215331183,18.1168539325843,"2009-2014"
"433",2009,"Mammalia",3,8001,1656,0.00181159420289855,552,"2009-2014"
"434",2009,"Mollusca",22,8023,425,0.0517647058823529,19.3181818181818,"2009-2014"
"435",2009,"Plantae",84,8107,12519,0.00670980110232447,149.035714285714,"2009-2014"
"436",2009,"Protozoa",7,8114,41,0.170731707317073,5.85714285714286,"2009-2014"
"437",2010,"Actinopterygii",8,8122,390,0.0205128205128205,48.75,"2009-2014"
"438",2010,"Animalia",68,8190,674,0.100890207715134,9.91176470588235,"2009-2014"
"439",2010,"Arachnida",15,8205,342,0.043859649122807,22.8,"2009-2014"
"440",2010,"Aves",5,8210,6212,0.000804893754024469,1242.4,"2009-2014"
"441",2010,"Chromista",9,8219,73,0.123287671232877,8.11111111111111,"2009-2014"
"442",2010,"Fungi",195,8414,2237,0.0871703173893607,11.4717948717949,"2009-2014"
"443",2010,"Insecta",443,8857,8513,0.0520380594385058,19.2167042889391,"2009-2014"
"444",2010,"Mammalia",1,8858,2107,0.000474608448030375,2107,"2009-2014"
"445",2010,"Mollusca",19,8877,424,0.044811320754717,22.3157894736842,"2009-2014"
"446",2010,"Plantae",127,9004,13371,0.00949816767631441,105.283464566929,"2009-2014"
"447",2010,"Protozoa",7,9011,43,0.162790697674419,6.14285714285714,"2009-2014"
"448",2010,"Reptilia",1,9012,623,0.00160513643659711,623,"2009-2014"
"449",2011,"Actinopterygii",8,9020,364,0.021978021978022,45.5,"2009-2014"
"450",2011,"Amphibia",1,9021,935,0.00106951871657754,935,"2009-2014"
"451",2011,"Animalia",58,9079,715,0.0811188811188811,12.3275862068966,"2009-2014"
"452",2011,"Arachnida",63,9142,575,0.109565217391304,9.12698412698413,"2009-2014"
"453",2011,"Aves",5,9147,7627,0.000655565753245051,1525.4,"2009-2014"
"454",2011,"Chromista",8,9155,129,0.062015503875969,16.125,"2009-2014"
"455",2011,"Fungi",144,9299,2230,0.0645739910313901,15.4861111111111,"2009-2014"
"456",2011,"Insecta",409,9708,10253,0.0398907636789232,25.0684596577017,"2009-2014"
"457",2011,"Mammalia",2,9710,2320,0.000862068965517241,1160,"2009-2014"
"458",2011,"Mollusca",20,9730,433,0.046189376443418,21.65,"2009-2014"
"459",2011,"Plantae",146,9876,15455,0.00944678097703009,105.856164383562,"2009-2014"
"460",2011,"Protozoa",4,9880,61,0.0655737704918033,15.25,"2009-2014"
"461",2011,"Reptilia",2,9882,834,0.00239808153477218,417,"2009-2014"
"462",2012,"Actinopterygii",10,9892,674,0.0148367952522255,67.4,"2009-2014"
"463",2012,"Animalia",50,9942,771,0.0648508430609598,15.42,"2009-2014"
"464",2012,"Arachnida",20,9962,545,0.036697247706422,27.25,"2009-2014"
"465",2012,"Aves",4,9966,11623,0.000344145229286759,2905.75,"2009-2014"
"466",2012,"Chromista",6,9972,93,0.0645161290322581,15.5,"2009-2014"
"467",2012,"Fungi",172,10144,2024,0.0849802371541502,11.7674418604651,"2009-2014"
"468",2012,"Insecta",433,10577,15541,0.027861784955923,35.891454965358,"2009-2014"
"469",2012,"Mammalia",1,10578,2789,0.000358551452133381,2789,"2009-2014"
"470",2012,"Mollusca",23,10601,506,0.0454545454545455,22,"2009-2014"
"471",2012,"Plantae",72,10673,15790,0.0045598480050665,219.305555555556,"2009-2014"
"472",2012,"Protozoa",2,10675,40,0.05,20,"2009-2014"
"473",2013,"Actinopterygii",16,10692,707,0.0226308345120226,44.1875,"2009-2014"
"474",2013,"Amphibia",1,10693,1278,0.000782472613458529,1278,"2009-2014"
"475",2013,"Animalia",46,10739,1025,0.0448780487804878,22.2826086956522,"2009-2014"
"476",2013,"Arachnida",34,10773,696,0.0488505747126437,20.4705882352941,"2009-2014"
"477",2013,"Aves",9,10782,20834,0.000431986176442354,2314.88888888889,"2009-2014"
"478",2013,"Chromista",6,10788,107,0.0560747663551402,17.8333333333333,"2009-2014"
"479",2013,"Fungi",225,11013,3364,0.066884661117717,14.9511111111111,"2009-2014"
"480",2013,"Insecta",514,11527,20107,0.025563236683742,39.1186770428016,"2009-2014"
"481",2013,"Mammalia",1,11528,3184,0.000314070351758794,3184,"2009-2014"
"482",2013,"Mollusca",15,11543,572,0.0262237762237762,38.1333333333333,"2009-2014"
"483",2013,"Plantae",118,11661,16251,0.00726109162513076,137.720338983051,"2009-2014"
"484",2013,"Protozoa",4,11665,59,0.0677966101694915,14.75,"2009-2014"
"485",2014,"Actinopterygii",12,11682,827,0.0145102781136638,68.9166666666667,"2009-2014"
"486",2014,"Animalia",41,11723,912,0.0449561403508772,22.2439024390244,"2009-2014"
"487",2014,"Arachnida",29,11752,940,0.0308510638297872,32.4137931034483,"2009-2014"
"488",2014,"Aves",8,11760,26507,0.000301807069830611,3313.375,"2009-2014"
"489",2014,"Chromista",3,11763,94,0.0319148936170213,31.3333333333333,"2009-2014"
"490",2014,"Fungi",239,12002,3623,0.0659674303063759,15.1589958158996,"2009-2014"
"491",2014,"Insecta",396,12398,21707,0.018242963099461,54.8156565656566,"2009-2014"
"492",2014,"Mammalia",2,12400,3892,0.000513874614594039,1946,"2009-2014"
"493",2014,"Mollusca",36,12436,833,0.0432172869147659,23.1388888888889,"2009-2014"
"494",2014,"Plantae",103,12539,18873,0.00545753192391247,183.233009708738,"2009-2014"
"495",2014,"Protozoa",4,12543,64,0.0625,16,"2009-2014"
"496",2015,"Actinopterygii",4,12548,1130,0.00353982300884956,282.5,"2015-2019"
"497",2015,"Animalia",62,12610,1546,0.0401034928848642,24.9354838709677,"2015-2019"
"498",2015,"Arachnida",30,12640,1477,0.02031144211239,49.2333333333333,"2015-2019"
"499",2015,"Aves",8,12648,41286,0.000193770285326745,5160.75,"2015-2019"
"500",2015,"Chromista",5,12653,335,0.0149253731343284,67,"2015-2019"
"501",2015,"Fungi",142,12795,4498,0.0315695864828813,31.6760563380282,"2015-2019"
"502",2015,"Insecta",553,13348,31677,0.017457461249487,57.2820976491863,"2015-2019"
"503",2015,"Mammalia",4,13352,4999,0.000800160032006401,1249.75,"2015-2019"
"504",2015,"Mollusca",20,13372,1142,0.0175131348511384,57.1,"2015-2019"
"505",2015,"Plantae",92,13464,29214,0.00314917505305675,317.54347826087,"2015-2019"
"506",2015,"Protozoa",5,13469,123,0.040650406504065,24.6,"2015-2019"
"507",2016,"Actinopterygii",10,13479,1216,0.00822368421052632,121.6,"2015-2019"
"508",2016,"Animalia",69,13548,1998,0.0345345345345345,28.9565217391304,"2015-2019"
"509",2016,"Arachnida",78,13626,2495,0.0312625250501002,31.9871794871795,"2015-2019"
"510",2016,"Aves",9,13635,58134,0.000154814738363092,6459.33333333333,"2015-2019"
"511",2016,"Chromista",3,13638,274,0.0109489051094891,91.3333333333333,"2015-2019"
"512",2016,"Fungi",204,13842,7560,0.026984126984127,37.0588235294118,"2015-2019"
"513",2016,"Insecta",621,14463,41407,0.0149974641968749,66.6779388083736,"2015-2019"
"514",2016,"Mammalia",4,14467,7665,0.000521852576647097,1916.25,"2015-2019"
"515",2016,"Mollusca",43,14510,1604,0.0268079800498753,37.3023255813954,"2015-2019"
"516",2016,"Plantae",101,14611,42656,0.00236777944486122,422.336633663366,"2015-2019"
"517",2016,"Protozoa",4,14615,196,0.0204081632653061,49,"2015-2019"
"518",2016,"Reptilia",1,14616,2772,0.000360750360750361,2772,"2015-2019"
"519",2017,"Actinopterygii",21,14639,3219,0.0065237651444548,153.285714285714,"2015-2019"
"520",2017,"Amphibia",1,14640,5905,0.000169348010160881,5905,"2015-2019"
"521",2017,"Animalia",319,14959,6293,0.0506912442396313,19.7272727272727,"2015-2019"
"522",2017,"Arachnida",61,15020,5051,0.0120768164719857,82.8032786885246,"2015-2019"
"523",2017,"Aves",12,15032,78286,0.000153284112101781,6523.83333333333,"2015-2019"
"524",2017,"Chromista",17,15049,779,0.0218228498074454,45.8235294117647,"2015-2019"
"525",2017,"Fungi",238,15287,17670,0.0134691567628749,74.2436974789916,"2015-2019"
"526",2017,"Insecta",922,16209,82679,0.011151562065337,89.673535791757,"2015-2019"
"527",2017,"Mammalia",4,16213,12817,0.000312085511430132,3204.25,"2015-2019"
"528",2017,"Mollusca",68,16281,4069,0.0167117227820103,59.8382352941176,"2015-2019"
"529",2017,"Plantae",248,16529,114155,0.00217248477946651,460.302419354839,"2015-2019"
"530",2017,"Protozoa",43,16572,642,0.0669781931464174,14.9302325581395,"2015-2019"
"531",2017,"Reptilia",3,16575,5313,0.000564652738565782,1771,"2015-2019"
"532",2018,"Actinopterygii",28,16607,4512,0.00620567375886525,161.142857142857,"2015-2019"
"533",2018,"Amphibia",2,16609,9176,0.00021795989537925,4588,"2015-2019"
"534",2018,"Animalia",122,16731,7094,0.0171976318015224,58.1475409836066,"2015-2019"
"535",2018,"Arachnida",41,16772,9332,0.00439348478354051,227.609756097561,"2015-2019"
"536",2018,"Aves",10,16782,110808,9.0246191610714e-05,11080.8,"2015-2019"
"537",2018,"Chromista",35,16817,1104,0.0317028985507246,31.5428571428571,"2015-2019"
"538",2018,"Fungi",450,17267,44839,0.0100359062423337,99.6422222222222,"2015-2019"
"539",2018,"Insecta",1720,18987,154943,0.0111008564439826,90.0831395348837,"2015-2019"
"540",2018,"Mammalia",6,18993,20215,0.000296809300024734,3369.16666666667,"2015-2019"
"541",2018,"Mollusca",34,19027,5797,0.00586510263929619,170.5,"2015-2019"
"542",2018,"Plantae",225,19252,220502,0.00102039890794641,980.008888888889,"2015-2019"
"543",2018,"Protozoa",3,19255,895,0.00335195530726257,298.333333333333,"2015-2019"
"544",2018,"Reptilia",5,19260,7371,0.000678334011667345,1474.2,"2015-2019"
"545",2019,"Actinopterygii",29,19295,7276,0.00398570643210555,250.896551724138,"2015-2019"
"546",2019,"Animalia",95,19390,15857,0.00599104496436905,166.915789473684,"2015-2019"
"547",2019,"Arachnida",70,19460,19844,0.00352751461398912,283.485714285714,"2015-2019"
"548",2019,"Aves",20,19480,161767,0.0001236346102728,8088.35,"2015-2019"
"549",2019,"Chromista",33,19513,3861,0.00854700854700855,117,"2015-2019"
"550",2019,"Fungi",487,20000,97896,0.00497466699354417,201.018480492813,"2015-2019"
"551",2019,"Insecta",978,20978,316650,0.00308858360966367,323.773006134969,"2015-2019"
"552",2019,"Mammalia",9,20987,32112,0.000280269058295964,3568,"2015-2019"
"553",2019,"Mollusca",20,21007,13488,0.00148279952550415,674.4,"2015-2019"
"554",2019,"Plantae",392,21399,513185,0.000763857088574296,1309.14540816327,"2015-2019"
"555",2019,"Protozoa",16,21415,2173,0.00736309249884952,135.8125,"2015-2019"
"556",2019,"Reptilia",7,21422,14887,0.000470208907100154,2126.71428571429,"2015-2019"
"557",2020,"Actinopterygii",24,21453,10416,0.00230414746543779,434,"2020-2025"
"558",2020,"Amphibia",2,21455,26819,7.45739960475782e-05,13409.5,"2020-2025"
"559",2020,"Animalia",128,21583,28606,0.004474585751241,223.484375,"2020-2025"
"560",2020,"Arachnida",154,21737,40883,0.00376684685566128,265.474025974026,"2020-2025"
"561",2020,"Aves",30,21767,274757,0.000109187391040083,9158.56666666667,"2020-2025"
"562",2020,"Chromista",56,21823,4930,0.0113590263691684,88.0357142857143,"2020-2025"
"563",2020,"Fungi",636,22459,181771,0.00349890796661734,285.803459119497,"2020-2025"
"564",2020,"Insecta",1458,23917,582202,0.00250428545418944,399.315500685871,"2020-2025"
"565",2020,"Mammalia",13,23930,53231,0.000244218594428059,4094.69230769231,"2020-2025"
"566",2020,"Mollusca",37,23967,24629,0.00150229404360713,665.648648648649,"2020-2025"
"567",2020,"Plantae",388,24355,819355,0.000473543213869446,2111.73969072165,"2020-2025"
"568",2020,"Protozoa",47,24402,4790,0.00981210855949896,101.914893617021,"2020-2025"
"569",2020,"Reptilia",11,24413,22709,0.00048438944911709,2064.45454545455,"2020-2025"
"570",2021,"Actinopterygii",28,24455,14520,0.00192837465564738,518.571428571429,"2020-2025"
"571",2021,"Amphibia",2,24457,32352,6.18199802176063e-05,16176,"2020-2025"
"572",2021,"Animalia",111,24568,39107,0.00283836653284578,352.315315315315,"2020-2025"
"573",2021,"Arachnida",86,24654,53130,0.00161867118388858,617.790697674419,"2020-2025"
"574",2021,"Aves",23,24677,352109,6.53206819479195e-05,15309.0869565217,"2020-2025"
"575",2021,"Chromista",95,24772,7004,0.0135636778983438,73.7263157894737,"2020-2025"
"576",2021,"Fungi",547,25319,246988,0.0022146824946961,451.531992687386,"2020-2025"
"577",2021,"Insecta",1295,26614,659920,0.00196235907382713,509.590733590734,"2020-2025"
"578",2021,"Mammalia",9,26623,68034,0.000132286797777582,7559.33333333333,"2020-2025"
"579",2021,"Mollusca",19,26642,36149,0.000525602367976984,1902.57894736842,"2020-2025"
"580",2021,"Plantae",432,27074,1058418,0.000408156323872043,2450.04166666667,"2020-2025"
"581",2021,"Protozoa",72,27146,6215,0.0115848753016895,86.3194444444444,"2020-2025"
"582",2021,"Reptilia",5,27151,27987,0.00017865437524565,5597.4,"2020-2025"
"583",2022,"Actinopterygii",21,27194,16950,0.00123893805309735,807.142857142857,"2020-2025"
"584",2022,"Amphibia",2,27196,34229,5.84299862689532e-05,17114.5,"2020-2025"
"585",2022,"Animalia",95,27291,46186,0.00205690035941627,486.168421052632,"2020-2025"
"586",2022,"Arachnida",65,27356,52685,0.00123374774603777,810.538461538462,"2020-2025"
"587",2022,"Aves",21,27377,403818,5.2003625395599e-05,19229.4285714286,"2020-2025"
"588",2022,"Chromista",83,27460,8446,0.00982713710632252,101.759036144578,"2020-2025"
"589",2022,"Fungi",641,28101,229490,0.00279315002832367,358.01872074883,"2020-2025"
"590",2022,"Insecta",1037,29138,661813,0.00156690787276769,638.199614271938,"2020-2025"
"591",2022,"Mammalia",5,29143,76558,6.53099610752632e-05,15311.6,"2020-2025"
"592",2022,"Mollusca",34,29177,36924,0.000920810313075506,1086,"2020-2025"
"593",2022,"Plantae",424,29601,1097276,0.000386411440694957,2587.91509433962,"2020-2025"
"594",2022,"Protozoa",52,29653,6667,0.00779961001949903,128.211538461538,"2020-2025"
"595",2022,"Reptilia",2,29655,28123,7.11161682608541e-05,14061.5,"2020-2025"
"596",2023,"Actinopterygii",28,29704,19291,0.00145145404592815,688.964285714286,"2020-2025"
"597",2023,"Amphibia",3,29707,40361,7.43291791580982e-05,13453.6666666667,"2020-2025"
"598",2023,"Animalia",106,29813,52379,0.0020237117928941,494.141509433962,"2020-2025"
"599",2023,"Arachnida",91,29904,63569,0.00143151536126099,698.56043956044,"2020-2025"
"600",2023,"Aves",18,29922,435692,4.1313588498297e-05,24205.1111111111,"2020-2025"
"601",2023,"Chromista",77,29999,8972,0.00858225590726705,116.519480519481,"2020-2025"
"602",2023,"Fungi",692,30691,324483,0.00213262328072657,468.906069364162,"2020-2025"
"603",2023,"Insecta",1087,31778,801564,0.00135609882679362,737.409383624655,"2020-2025"
"604",2023,"Mammalia",6,31784,83047,7.22482449697159e-05,13841.1666666667,"2020-2025"
"605",2023,"Mollusca",37,31821,45955,0.000805135458600805,1242.02702702703,"2020-2025"
"606",2023,"Plantae",358,32179,1236442,0.000289540471773039,3453.74860335196,"2020-2025"
"607",2023,"Protozoa",76,32255,7870,0.0096569250317662,103.552631578947,"2020-2025"
"608",2023,"Reptilia",2,32257,32300,6.19195046439628e-05,16150,"2020-2025"
"609",2024,"Actinopterygii",14,32303,25326,0.000552791597567717,1809,"2020-2025"
"610",2024,"Amphibia",2,32305,56816,3.52013517319065e-05,28408,"2020-2025"
"611",2024,"Animalia",109,32414,71841,0.00151723945936165,659.091743119266,"2020-2025"
"612",2024,"Arachnida",133,32547,90899,0.00146316241102762,683.451127819549,"2020-2025"
"613",2024,"Aves",23,32570,507034,4.53618495012169e-05,22044.9565217391,"2020-2025"
"614",2024,"Chromista",78,32648,8443,0.00923842236171977,108.24358974359,"2020-2025"
"615",2024,"Fungi",729,33377,359940,0.00202533755625938,493.744855967078,"2020-2025"
"616",2024,"Insecta",1005,34382,1002669,0.00100232479512182,997.680597014925,"2020-2025"
"617",2024,"Mammalia",9,34391,100212,8.98096036402826e-05,11134.6666666667,"2020-2025"
"618",2024,"Mollusca",38,34429,61373,0.000619164779300344,1615.07894736842,"2020-2025"
"619",2024,"Plantae",386,34815,1581830,0.000244021165359109,4098.00518134715,"2020-2025"
"620",2024,"Protozoa",37,34852,9525,0.00388451443569554,257.432432432432,"2020-2025"
"621",2024,"Reptilia",4,34856,40068,9.98302885095338e-05,10017,"2020-2025"
"622",2025,"Actinopterygii",19,34903,30865,0.000615583994816135,1624.47368421053,"2020-2025"
"623",2025,"Amphibia",3,34906,53058,5.65418975460816e-05,17686,"2020-2025"
"624",2025,"Animalia",117,35023,89617,0.00130555586551659,765.957264957265,"2020-2025"
"625",2025,"Arachnida",64,35087,115297,0.000555088163612236,1801.515625,"2020-2025"
"626",2025,"Aves",22,35109,561247,3.91984277866964e-05,25511.2272727273,"2020-2025"
"627",2025,"Chromista",106,35215,11096,0.00955299206921413,104.679245283019,"2020-2025"
"628",2025,"Fungi",461,35676,359139,0.00128362556001994,779.043383947939,"2020-2025"
"629",2025,"Insecta",1027,36703,1210957,0.000848089568828621,1179.12074001947,"2020-2025"
"630",2025,"Mammalia",6,36709,112432,5.33655898676533e-05,18738.6666666667,"2020-2025"
"631",2025,"Mollusca",54,36763,69940,0.00077209036316843,1295.18518518519,"2020-2025"
"632",2025,"Plantae",594,37357,1926468,0.000308336292115934,3243.21212121212,"2020-2025"
"633",2025,"Protozoa",53,37410,9322,0.00568547521990989,175.88679245283,"2020-2025"
"634",2025,"Reptilia",9,37419,44304,0.000203141928494041,4922.66666666667,"2020-2025"
